{"cameraMode":{"drawMode":0,"name":"Shaded","section":"Shading Mode"},"sceneLighting":false,"audioPlay":false,"sceneViewState":{"m_AlwaysRefresh":false,"showFog":true,"showSkybox":false,"showFlares":true,"showImageEffects":true,"showParticleSystems":true,"showVisualEffectGraphs":true,"m_FxEnabled":true},"in2DMode":false,"pivot":{"x":55.599998474121097,"y":56.16777038574219,"z":3600.46435546875},"rotation":{"x":0.0010756207630038262,"y":0.9982855916023254,"z":-0.046808164566755298,"w":0.04603134095668793},"size":21.906190872192384,"orthographic":false}